{"stats":{"minecraft:picked_up":{"iceandfire:dragon_skull_lightning":1,"iceandfire:dragonbone":8},"minecraft:custom":{"minecraft:jump":7,"minecraft:open_chest":2,"minecraft:time_since_rest":5881,"minecraft:crouch_one_cm":106,"minecraft:play_one_minute":5881,"minecraft:leave_game":1,"minecraft:sprint_one_cm":1112,"minecraft:time_since_death":5881,"minecraft:walk_one_cm":3370,"minecraft:sneak_time":153,"minecraft:trigger_trapped_chest":4,"minecraft:climb_one_cm":73,"minecraft:fly_one_cm":210003}},"DataVersion":2586}